Empresa;Ano;Metrica;Valor;Unidade;Evidencia;Página;Status_Auditoria
ELETROBRAS _pag_185;2022;emissoes_fugitivas_sf6;;Absoluto;Não foi encontrado dado numérico ou citação qualitativa sobre emissões fugitivas de SF6.;Não informada;Pendente
ELETROBRAS _pag_185;2022;emissoes_no_x;27.127;Absoluto;Emissões totais de NOx em 2022 totalizaram 27.127 t/ano.;Não informada;Pendente
ELETROBRAS _pag_185;2022;emissoes_so_x;4.229;Absoluto;Emissões totais de SOx em 2022 totalizaram 4.229 t/ano.;Não informada;Pendente
ELETROBRAS _pag_185;2022;material_particulado_mp;;Absoluto;Não foi encontrado dado numérico ou citação qualitativa sobre emissões de Material Particulado.;Não informada;Pendente
ELETROBRAS _pag_185;2022;escopo_2_sem_perdas;;Absoluto;Não foi encontrado dado numérico ou citação qualitativa sobre emissões de GEE do Escopo 2 sem perdas.;Não informada;Pendente
ELETROBRAS _pag_185;2022;perdas_tecnicas_energia;;Absoluto;Não foi encontrado dado numérico ou citação qualitativa sobre perdas técnicas de energia.;Não informada;Pendente
ELETROBRAS _pag_185;2022;intensidade_gee_mwh;;Absoluto;Não foi encontrado dado numérico ou citação qualitativa sobre a intensidade de GEE por MWh.;Não informada;Pendente
ELETROBRAS _pag_185;2022;consumo_combustivel_fossil;;Absoluto;Não foi encontrado dado numérico ou citação qualitativa sobre o consumo de combustíveis fósseis.;Não informada;Pendente
ELETROBRAS _pag_185;2022;emissoes_biogenicas_co2;;Absoluto;Não foi encontrado dado numérico ou citação qualitativa sobre emissões biogênicas de CO2.;Não informada;Pendente
